"Avg_Degree","Density","Modularity"
7.06976744186047,0.168327796234773,0.357848728541441
